tab_name,manager,time_range,review_type,display_name,capture_folder_url,folder_url,is_closed
리뷰 체험단,만두,자유시간,빈박스,아로하가든,https://drive.google.com/drive/folders/18EpWC1LaiHaN_4Bp_TK8w_kMPHcatbaA,https://drive.google.com/drive/folders/1TKVPHc9zu4xo5wVbnMBmZAev1BSkuQVy,
"블로그 체험단(1,2차)",망고,10:00~16:00,실배송,,https://drive.google.com/drive/folders/1MHzMmCE7gK7Q-JExk64ZSaqiksp_mSk_,https://drive.google.com/drive/folders/1LHgtd7UEKMvqPLRE2QzAJDwmTjHN4maU,TRUE
0216마시는샐러드200건,만두,자유주문,실배송,,,https://drive.google.com/drive/folders/1glB_nLtQ8LHoktmU2sfMWFzdMQgR2LhM,TRUE
베르베린 구매평,망고,두시,빈박스,,,https://drive.google.com/drive/folders/1GIpes7Iv7PhRAKGME4ddloI42CXycbtB,TRUE
1/19(네이버)우레온_바디로션 200건,망고,,실배송,,,https://drive.google.com/drive/folders/1glB_nLtQ8LHoktmU2sfMWFzdMQgR2LhM,TRUE
2/6(쿠팡)밥스누_명인콩물두유 300건,망고,암때나,실배송,2.6 쿠팡 두유 현영방,,https://drive.google.com/drive/folders/1glB_nLtQ8LHoktmU2sfMWFzdMQgR2LhM,TRUE
1/12(네이버)디아쉬끄_새치틴트 100건,,14:00,,,,https://drive.google.com/drive/folders/1glB_nLtQ8LHoktmU2sfMWFzdMQgR2LhM,TRUE
7/27제습기_쿠팡,만두,,실배송,,,,TRUE
2/9(카카오)선물하기_말차라떼 롤케이크20건,,자유,실배송,선물하기)말차라떼 롤케이크,,https://drive.google.com/drive/folders/1GsUB7YXrY13-lHhcD78icjabOi5LoPKX,TRUE
버블염색샴푸,,,,,,,TRUE
8/17멜라케어앰플,,,,,,,TRUE
10/16자사몰_브라패치,,,,,,,TRUE
1월_염색샴푸5건(마감),,,,,,,TRUE
8/19(쿠팡)노티드_키링카드지갑 100건,,,,,,https://drive.google.com/drive/folders/1GsUB7YXrY13-lHhcD78icjabOi5LoPKX,TRUE
정리,,,,,,,TRUE
2.25메이커스_오클리앙크림,망고,자유,실배송,2.25 메이커스 미백보습크림,https://drive.google.com/drive/folders/1zHUeiOQkNh3g4Eu7AKDxtO7eRimWQQSg,https://drive.google.com/drive/folders/1ZUJfV2r5FmcOYfqjB5BwWQ71hqHf996f,TRUE
2/27_유한생활건강_GS샾_유산균_15건(실배송),만두,자유,실배송,GS샵_유한생활건강_혈당유산균 실배송포토,https://drive.google.com/drive/folders/1w3pWKVBA1pmdWVXFcU8J84d4XwcHp1_R,https://drive.google.com/drive/folders/1_PHRysg4GiNuWE-ijaoaLkXFctajjwRM,TRUE
선물하기(25년),,,,,,,TRUE
카카오선물하기,,,,,,,TRUE
0126리페어 크림(쿠팡),,,,,,,TRUE
1222트리트먼트(쿠팡) + 2차 50건 추가,,,,,,,TRUE
1215탈모샴푸(쿠팡),,,,,,,TRUE
1104글로우쿠션2종(쿠팡),,,,,,,TRUE
0909앰플미스트,,,,,,,TRUE
0818바디워시(자사몰)은비,,,,,,,TRUE
0710앰플미스트,,,,,,,TRUE
클렌징폼(쿠팡),,,,,,,TRUE
0618피부회복크림/모공패드,,,,,,,TRUE
5/14공영쇼핑_선크림,,,,,,,TRUE
쿠팡기미쿠션원고제공,,,,,,,TRUE
자사몰,,,,,,,TRUE
4/3비듬샴푸(쿠팡),,,,,,,TRUE
3/25새치샴푸자연갈색(쿠팡),,,,,,,TRUE
3/19선크림(롯데몰),,,,,,,TRUE
2/19바디워시(쿠팡),,,,,,,TRUE
2/11새치샴푸흑갈색(쿠팡),,,,,,,TRUE
2/11토너패드(쿠팡),,,,,,,TRUE
2/11마스크팩(쿠팡),,,,,,,TRUE
2/11바디로션(쿠팡),,,,,,,TRUE
마스크팩(알리),,,,,,,TRUE
바디로션(알리),,,,,,,TRUE
탈모샴푸(알리),,,,,,,TRUE
바디워시(알리),,,,,,,TRUE
엘시스테인선크림,,,,,,,TRUE
기미앰플,,,,,,,TRUE
바디워시,,,,,,,TRUE
선스틱,,,,,,,TRUE
7/29 엑소좀3종,,,,,,,TRUE
토너패드,,,,,,,TRUE
선크림,,,,,,,TRUE
탈모샴푸,,,,,,,TRUE
비듬샴푸,,,,,,,TRUE
항산화세럼,,,,,,,TRUE
니플패치,,,,,,,TRUE
바디로션,,,,,,,TRUE
마스크팩,,,,,,,TRUE
기미파운데이션,,,,,,,TRUE
글로우기미쿠션,,,,,,,TRUE
클렌징오일,,,,,,,TRUE
12/7쿠션2종+미세전류크림,,,,,,,TRUE
마감9/20브라패치/보톡스크림,,,,,,,TRUE
11번가_염색샴푸,,,,,,,TRUE
7/4니플패치30건,,,,,,,TRUE
0628 멜라케어 쿠션,,,,,,,TRUE
0620쿠팡헤어무스,,,,,,,TRUE
"4월_염색샴푸20건,선스틱50건",,,,,,,TRUE
3월_바디슬리밍30건(마감),,,,,,,TRUE
3월_기미선크림30건(마감),,,,,,,TRUE
3월_기미앰플30건(마감),,,,,,,TRUE
2월_보툴리늄크림10건(마감),,,,,,,TRUE
2월_기미스틱10건(마감),,,,,,,TRUE
2월_멜라케어앰플10건(마감),,,,,,,TRUE
1월_쿠팡블랙샴푸50건(마감),,,,,,,TRUE
25년_동절기 체험단 1차,,,,,,,TRUE
25년_동절기 체험단 3차,,,,,,,TRUE
1216)가습기 회수형 구매평,,,,,,,TRUE
260109)복합식가습기 구매평,,,,,,,TRUE
2/11(쿠팡)노티드_우유생크림빵50건,,,,,,https://drive.google.com/drive/folders/1GsUB7YXrY13-lHhcD78icjabOi5LoPKX,TRUE
2/4비마트_스트로베리 케이크20건,,,,,,https://drive.google.com/drive/folders/1GsUB7YXrY13-lHhcD78icjabOi5LoPKX,TRUE
"1/21(컬리,쿠팡)노티드_케이크(26년)",,,,,,https://drive.google.com/drive/folders/1GsUB7YXrY13-lHhcD78icjabOi5LoPKX,TRUE
12/19(쿠팡)노티드_케이크(25년),,,,,,https://drive.google.com/drive/folders/1GsUB7YXrY13-lHhcD78icjabOi5LoPKX,TRUE
12/8(카카오)노티드_케이크(25년),,,,,,https://drive.google.com/drive/folders/1GsUB7YXrY13-lHhcD78icjabOi5LoPKX,TRUE
12/8(종합)노티드_케이크 쿠팡/네이버 (25년),,,,,,https://drive.google.com/drive/folders/1GsUB7YXrY13-lHhcD78icjabOi5LoPKX,TRUE
9/17(쿠팡)노티드_선물세트 블로그,,,,,,https://drive.google.com/drive/folders/1GsUB7YXrY13-lHhcD78icjabOi5LoPKX,TRUE
0916노티드_오란다과자(쿠)100건,,,,,,https://drive.google.com/drive/folders/1GsUB7YXrY13-lHhcD78icjabOi5LoPKX,TRUE
9/3노티드_샌드위치100건,,,,,,https://drive.google.com/drive/folders/1GsUB7YXrY13-lHhcD78icjabOi5LoPKX,TRUE
2/25_더프리젠_네이버_호두정과답례품_20건,,,,,,,TRUE
2/20_플래너리랩_쿠팡_멜라토닌_130건,,,,,,,TRUE
2/4_유한건강생활_유산균3종_43건,,,,,,,TRUE
2/3_디스이즈_온열패치_400건,,,,,,,TRUE
12/22_세한무역_고무장갑_20건,,,,,,,TRUE
(완)12/22_웰빙휴 글로벌_고무장갑_20건,,,,,,,TRUE
(완)11/25_(쿠팡)희망케어_여성셔츠_30건(실배송),,,,,,,TRUE
11/11_아인스미디어_단백질쉐이크_100건,,,,,,,TRUE
10/28_더프리젠_핸드워시(빈박스)_30건,,,,,,,TRUE
(완)10/20_온다잠_탄소매트(빈박스)_50건,,,,,,,TRUE
(완)10/16_GGRN_양말(실배송)_30건,,,,,,,TRUE
10/16_케이엠씨컨설팅_테이핑패치(실배송)_50건,,,,,,,TRUE
(완)10/15_(쿠팡)키토라이프_눈애존_100건,,,,,,,TRUE
(완)9/29_(쿠팡)희망케어_여성셔츠_30건(실배송),,,,,,,TRUE
(완)9/9_케이엠씨컨설팅_근육패치_200건(실배송)_6차,,,,,,,TRUE
(진행중)1/2_라라한옥풀빌라_예약자리뷰_30건,,,,,,,TRUE
루나리언스,,,,,,,TRUE
2/3 (쿠팡)굿데이허니_프로폴리스 스프레이 99건,,,,,,https://drive.google.com/drive/folders/1glB_nLtQ8LHoktmU2sfMWFzdMQgR2LhM,TRUE
2/2 (네이버)굿데이허니_프로폴리스 스프레이 99건,,,,,,https://drive.google.com/drive/folders/1glB_nLtQ8LHoktmU2sfMWFzdMQgR2LhM,TRUE
1/26메이커스_새치틴트200건,,,,,,https://drive.google.com/drive/folders/1glB_nLtQ8LHoktmU2sfMWFzdMQgR2LhM,TRUE
1/31밥스누_약콩콩물 카페/블로그 바이럴,,,,,,https://drive.google.com/drive/folders/1glB_nLtQ8LHoktmU2sfMWFzdMQgR2LhM,TRUE
2/3(쿠팡)엘라비에_선세럼 100건,,,,,,https://drive.google.com/drive/folders/1glB_nLtQ8LHoktmU2sfMWFzdMQgR2LhM,TRUE
1/22(네이버)엘라비에_기미쿠션 100건,,,,,,https://drive.google.com/drive/folders/1glB_nLtQ8LHoktmU2sfMWFzdMQgR2LhM,TRUE
1/22(네이버)엘라비에_선세럼 100건,,,,,,https://drive.google.com/drive/folders/1glB_nLtQ8LHoktmU2sfMWFzdMQgR2LhM,TRUE
1/20(쿠팡)비오진_알부민크림 50건,,,,,,https://drive.google.com/drive/folders/1glB_nLtQ8LHoktmU2sfMWFzdMQgR2LhM,TRUE
1/19(네이버)우레온_바디워시 210건 (+2차 300건 추가),,,,,,https://drive.google.com/drive/folders/1glB_nLtQ8LHoktmU2sfMWFzdMQgR2LhM,TRUE
1/16좋은상황_상황버섯진액 카페/블로그 바이럴,,,,,,https://drive.google.com/drive/folders/1glB_nLtQ8LHoktmU2sfMWFzdMQgR2LhM,TRUE
1/14좋은상황_상황버섯진액 카페/블로그 바이럴,,,,,,https://drive.google.com/drive/folders/1glB_nLtQ8LHoktmU2sfMWFzdMQgR2LhM,TRUE
0113좋은상황_버섯진액300건,,,,,,https://drive.google.com/drive/folders/1glB_nLtQ8LHoktmU2sfMWFzdMQgR2LhM,TRUE
리뷰폼:0113좋은상황,,,,,,https://drive.google.com/drive/folders/1glB_nLtQ8LHoktmU2sfMWFzdMQgR2LhM,TRUE
1.11쿠팡_약콩콩물_골드박스,,,,,,https://drive.google.com/drive/folders/1glB_nLtQ8LHoktmU2sfMWFzdMQgR2LhM,TRUE
1.9메이커스_수세미,,,,,,https://drive.google.com/drive/folders/1glB_nLtQ8LHoktmU2sfMWFzdMQgR2LhM,TRUE
1/8(쿠팡)밤보늬_모공브러쉬 50건,,,,,,https://drive.google.com/drive/folders/1glB_nLtQ8LHoktmU2sfMWFzdMQgR2LhM,TRUE
1/5메디슨벨_마시는샐러드 카페/블로그 바이럴,,,,,,https://drive.google.com/drive/folders/1glB_nLtQ8LHoktmU2sfMWFzdMQgR2LhM,TRUE
12.24메이커스_오클리앙세럼,,,,,,https://drive.google.com/drive/folders/1glB_nLtQ8LHoktmU2sfMWFzdMQgR2LhM,TRUE
12/9(쿠팡)메디슨벨_리뉴패치 100건,,,,,,https://drive.google.com/drive/folders/1glB_nLtQ8LHoktmU2sfMWFzdMQgR2LhM,TRUE
12/4(메이커스)디아쉬끄_새치틴트 50건,,,,,,https://drive.google.com/drive/folders/1glB_nLtQ8LHoktmU2sfMWFzdMQgR2LhM,TRUE
12/3(네이버)우레온_바디로션 100건,,,,,,https://drive.google.com/drive/folders/1glB_nLtQ8LHoktmU2sfMWFzdMQgR2LhM,TRUE
12/2(쿠팡)말따_부스터샷 300건폼,,,,,,https://drive.google.com/drive/folders/1glB_nLtQ8LHoktmU2sfMWFzdMQgR2LhM,TRUE
11/28(쿠팡)넛세린_바디로션 300건,,,,,,https://drive.google.com/drive/folders/1glB_nLtQ8LHoktmU2sfMWFzdMQgR2LhM,TRUE
11/24(메이커스)디아쉬끄_새치틴트 50건,,,,,,https://drive.google.com/drive/folders/1glB_nLtQ8LHoktmU2sfMWFzdMQgR2LhM,TRUE
11.21엘라비에_디펜스크림100건,,,,,,https://drive.google.com/drive/folders/1glB_nLtQ8LHoktmU2sfMWFzdMQgR2LhM,TRUE
11/21(쿠팡)솔라르프리_다용도수세미 100건,,,,,,https://drive.google.com/drive/folders/1glB_nLtQ8LHoktmU2sfMWFzdMQgR2LhM,TRUE
11/21(쿠팡)솔라르프리_다용도수세미 100건폼,,,,,,https://drive.google.com/drive/folders/1glB_nLtQ8LHoktmU2sfMWFzdMQgR2LhM,TRUE
11/18(쿠팡)디아쉬끄_새치틴트 100건,,,,,,https://drive.google.com/drive/folders/1glB_nLtQ8LHoktmU2sfMWFzdMQgR2LhM,TRUE
11/18(메이커스)디아쉬끄_새치틴트 50건,,,,,,https://drive.google.com/drive/folders/1glB_nLtQ8LHoktmU2sfMWFzdMQgR2LhM,TRUE
11/12(쿠팡)노티드_오란다 과자세트 100건,,,,,,https://drive.google.com/drive/folders/1glB_nLtQ8LHoktmU2sfMWFzdMQgR2LhM,TRUE
11/11(쿠팡)메디슨벨_샐러드워터 300건,,,,,,https://drive.google.com/drive/folders/1glB_nLtQ8LHoktmU2sfMWFzdMQgR2LhM,TRUE
11/10(쿠팡)디아쉬끄_헤어볼륨시트 5건,,,,,,https://drive.google.com/drive/folders/1glB_nLtQ8LHoktmU2sfMWFzdMQgR2LhM,TRUE
11/7밤보늬앰플_100건,,,,,,https://drive.google.com/drive/folders/1glB_nLtQ8LHoktmU2sfMWFzdMQgR2LhM,TRUE
11/5(쿠팡)밤보늬_모공토너 100건,,,,,,https://drive.google.com/drive/folders/1glB_nLtQ8LHoktmU2sfMWFzdMQgR2LhM,TRUE
11/3(쿠팡)디아쉬끄_새치틴트 10건,,,,,,https://drive.google.com/drive/folders/1glB_nLtQ8LHoktmU2sfMWFzdMQgR2LhM,TRUE
10/31(쿠팡)우레온_바디로션 500건,,,,,,https://drive.google.com/drive/folders/1glB_nLtQ8LHoktmU2sfMWFzdMQgR2LhM,TRUE
10/30(쿠팡)블랑루스_바디미스트 100건,,,,,,https://drive.google.com/drive/folders/1glB_nLtQ8LHoktmU2sfMWFzdMQgR2LhM,TRUE
10/30(쿠팡)노티드_모기기피제 100건,,,,,,https://drive.google.com/drive/folders/1glB_nLtQ8LHoktmU2sfMWFzdMQgR2LhM,TRUE
10/28(쿠팡)블랑루스_젤리미스트 100건,,,,,,https://drive.google.com/drive/folders/1glB_nLtQ8LHoktmU2sfMWFzdMQgR2LhM,TRUE
1028약콩콩물99건,,,,,,https://drive.google.com/drive/folders/1glB_nLtQ8LHoktmU2sfMWFzdMQgR2LhM,TRUE
10/24(쿠팡)시크릿에이지_아이크림 100건,,,,,,https://drive.google.com/drive/folders/1glB_nLtQ8LHoktmU2sfMWFzdMQgR2LhM,TRUE
10/24(쿠팡)시크릿에이지_클라우드앰플 100건,,,,,,https://drive.google.com/drive/folders/1glB_nLtQ8LHoktmU2sfMWFzdMQgR2LhM,TRUE
10/23(쿠팡)노티드_크런치 피넛버터 100건,,,,,,https://drive.google.com/drive/folders/1glB_nLtQ8LHoktmU2sfMWFzdMQgR2LhM,TRUE
10/23(쿠팡)노티드_말차 스프레드 100건,,,,,,https://drive.google.com/drive/folders/1glB_nLtQ8LHoktmU2sfMWFzdMQgR2LhM,TRUE
10/23(쿠팡)노티드_도우빕(턱받이)3종 90건,,,,,,https://drive.google.com/drive/folders/1glB_nLtQ8LHoktmU2sfMWFzdMQgR2LhM,TRUE
10/23(쿠팡)노티드_보냉팩 30건,,,,,,https://drive.google.com/drive/folders/1glB_nLtQ8LHoktmU2sfMWFzdMQgR2LhM,TRUE
체험단_관리시트_서식,,,,,,,TRUE
네이버)0126_논알콜맥주5종_150건,,,,,,,TRUE
쿠팡)0126_논알콜맥주5종_150건,,,,,,,TRUE
쿠팡)1110_에피루스_올리브오일2종_100건,,,,,,,TRUE
네이버)0904_에피루스_올리브오일2종_140건,,,,,,,TRUE
쿠팡)0904_에피루스_올리브오일2종_60건,,,,,,,TRUE
올리브오일 구매평+포스팅 15건,,,,,,,TRUE
0204)메이드유 카카오리뷰,,,,,,,TRUE
0129)아인상회_쿠팡&네이버_통증공감패치_100건,,,,,,,TRUE
체험단_관리시트_서식,,,,,,,TRUE
구매평 체험단,,,,,,,TRUE
0223) 회수형 구매평 체험단,,,,,,,TRUE
디자인토큰_업무시트,,,,,,,TRUE
6/19카카오쇼핑_토큰냉풍기,,,,,,,TRUE
퓨리즈,,,,,,,TRUE
오로라박스,,,,,,,TRUE
2/24지마켓,,,,,,,TRUE
2/2퓨비아섬유유연제_네이버15건,,,,,,,TRUE
12/9퓨비아리무버_네이버20건,,,,,,,TRUE
11/24퓨비아세탁세제_네이버15건,,,,,,,TRUE
11/24퓨비아세탁세제_쿠팡3종 40건,,,,,,,TRUE
11/14퓨비아리무버_쿠팡20건,,,,,,,TRUE
0106올영_팩투폼마스크,,,,,,,TRUE
1217올영_팩투폼마스크 구매양식폼,,,,,,,TRUE
체험단_관리시트_서식,,,,,,,TRUE
1/12 1팩+3팩 구매폼,,,,,,,TRUE
1/12 카사바 모래 3팩 100건,,,,,,,TRUE
1/12 카사바 모래 1팩 100건,,,,,,,TRUE
1229싸가지모래_고양이모래120건,,,,,,,TRUE
엘프슈타펠,,,,,,,TRUE
아이원,,,,,,,TRUE
참진/얼핏한의원 리뷰_2차.,,,,,,,TRUE
0106)네이버&쿠팡_상품2종,,,,,,,TRUE
체험단_네이버,,,,,,,TRUE
체험단_쿠팡,,,,,,,TRUE
체험단_SSG,,,,,,,TRUE
2/11_네이버_명태액막이 50건,,,,,,,TRUE
11/24 석고마스크팩50건,,,,,,,TRUE
9.20리프팅밴드,,,,,,,TRUE
7/1선물하기_마사지기,,,,,,,TRUE
6/30선물하기_올리밴드,,,,,,,TRUE
0210메이커스_마사지기,,,,,,,TRUE
6/26리프팅패치+밴드_50건,,,,,,,TRUE
0126)쿠팡_작심홈_커브형베개_60건,,,,,,,TRUE
NMN 구매평,,,,,,https://drive.google.com/drive/folders/1GIpes7Iv7PhRAKGME4ddloI42CXycbtB,TRUE
0202)비타민3종_블로그,,,,,,,TRUE
1203)압타민c 구매평,,,,,,,TRUE
1119)비타민_구매평+블로그,,,,,,,TRUE
체험단 시트,망고,자유,믹스,자사몰 젤리/유기농,https://drive.google.com/drive/folders/1pe_7zPLGcEQnaYB9mE4PNir7YEYdI5Tg,https://drive.google.com/drive/folders/1yjjL3C8nNFbuK_2tW4s6TNtDOhvxmhgc,
블로그 포스팅,,,,,,,TRUE
무작 아오테 36,,,,,,,TRUE
무작 사다리,,,,,,,TRUE
디와이임팩트 리뷰,,,,,,,TRUE
25년_구매평+체험단 작업 시트,,,,,,,TRUE
1202)아이스마트_이마트몰_구매평_50건,,,,,,,TRUE
식빵패드,,,,,,,TRUE
리얼초이스,,,,,,,TRUE
리뷰폼:치카왕,,,,,,,TRUE
치카왕,,,,,,,TRUE
0702영양파티(은비),,,,,,,TRUE
리뷰폼:영양파티,,,,,,,TRUE
0627진짜수제(세희),,,,,,,TRUE
0620고기파티,,,,,,,TRUE
큇즈펫수제간식,,,,,,,TRUE
바른간식고구마,,,,,,,TRUE
웰빙죽,,,,,,,TRUE
워너밀 강아지습식캔,,,,,,,TRUE
이앤 소프트덴탈스틱,,,,,,,TRUE
펫아이하이츄,,,,,,,TRUE
불리스틱,,,,,,,TRUE
덴탈껌간식,,,,,,,TRUE
배변패드,,,,,,,TRUE
펫영양제(필름형),,,,,,,TRUE
고양이츄르,,,,,,,TRUE
클라랩_페이리뷰+블로그+인스타_20건,,,,,,,TRUE
클라랩_최적블 체험단_2건,,,,,,,TRUE
클라랩_쿠팡,,,,,,,TRUE
클라랩_네이버,,,,,,,TRUE
0825디아쉬끄_새치틴트100건,,,,,,https://drive.google.com/drive/folders/1glB_nLtQ8LHoktmU2sfMWFzdMQgR2LhM,TRUE
0426약콩콩물100건,,,,,,https://drive.google.com/drive/folders/1glB_nLtQ8LHoktmU2sfMWFzdMQgR2LhM,TRUE
0426약콩콩물리뷰제출폼,,,,,,https://drive.google.com/drive/folders/1glB_nLtQ8LHoktmU2sfMWFzdMQgR2LhM,TRUE
아라새우_네이버x쿠팡,,,,,,https://drive.google.com/drive/folders/1glB_nLtQ8LHoktmU2sfMWFzdMQgR2LhM,TRUE
10/21(쿠팡)블랑루스_젤리미스트 100건,,,,,,https://drive.google.com/drive/folders/1glB_nLtQ8LHoktmU2sfMWFzdMQgR2LhM,TRUE
10/20(쿠팡)넛세린_클렌징팩폼 100건,,,,,,https://drive.google.com/drive/folders/1glB_nLtQ8LHoktmU2sfMWFzdMQgR2LhM,TRUE
9/24밥스누_콩물 블로그 체험단,,,,,,https://drive.google.com/drive/folders/1glB_nLtQ8LHoktmU2sfMWFzdMQgR2LhM,TRUE
9/24밥스누_콩물 블로그 체험단의 사본,,,,,,https://drive.google.com/drive/folders/1glB_nLtQ8LHoktmU2sfMWFzdMQgR2LhM,TRUE
9/17(쿠팡)넛세린_밀크 바디워시 100건,,,,,,https://drive.google.com/drive/folders/1glB_nLtQ8LHoktmU2sfMWFzdMQgR2LhM,TRUE
8/20그린 미스트,,,,,,https://drive.google.com/drive/folders/1glB_nLtQ8LHoktmU2sfMWFzdMQgR2LhM,TRUE
7/31엘라비에_선세럼 블로그 체험단,,,,,,https://drive.google.com/drive/folders/1glB_nLtQ8LHoktmU2sfMWFzdMQgR2LhM,TRUE
페이스타올+샴푸동시구매,,,,,,https://drive.google.com/drive/folders/1glB_nLtQ8LHoktmU2sfMWFzdMQgR2LhM,TRUE
7/18(쿠팡)블랑루스_페이스타올720건,,,,,,https://drive.google.com/drive/folders/1glB_nLtQ8LHoktmU2sfMWFzdMQgR2LhM,TRUE
7/16 넛세린선세럼 100,,,,,,https://drive.google.com/drive/folders/1glB_nLtQ8LHoktmU2sfMWFzdMQgR2LhM,TRUE
6/27굿데이허니_스프레이 블로그,,,,,,https://drive.google.com/drive/folders/1glB_nLtQ8LHoktmU2sfMWFzdMQgR2LhM,TRUE
6/10(쿠팡)밤보늬 클렌저,,,,,,https://drive.google.com/drive/folders/1glB_nLtQ8LHoktmU2sfMWFzdMQgR2LhM,TRUE
1/16밥스누)아토크림,,,,,,https://drive.google.com/drive/folders/1glB_nLtQ8LHoktmU2sfMWFzdMQgR2LhM,TRUE
11월블랑루스(네이버),,,,,,https://drive.google.com/drive/folders/1glB_nLtQ8LHoktmU2sfMWFzdMQgR2LhM,TRUE
10/25엘라비에쿠션/선크림,,,,,,https://drive.google.com/drive/folders/1glB_nLtQ8LHoktmU2sfMWFzdMQgR2LhM,TRUE
7월블랑루스(네이버)세희,,,,,,https://drive.google.com/drive/folders/1glB_nLtQ8LHoktmU2sfMWFzdMQgR2LhM,TRUE
(완)3/22어니스트캄(쿠팡3종 동시구매),,,,,,https://drive.google.com/drive/folders/1glB_nLtQ8LHoktmU2sfMWFzdMQgR2LhM,TRUE
2/27(쿠팡)오클리앙_밸런스크림 100건 구글폼,만두,자유,실배송,오클리앙_밸런스크림(쿠팡실배/포토리뷰),https://drive.google.com/drive/folders/1HYGIFS_YHpLRpYXKOQbboShfuGTNfnCU,https://drive.google.com/drive/folders/1xkQd8iO0Pc8Zz_kFCVUsIlZLBZeZ9R6y,TRUE
3/3_쿠팡&오늘의집_명태액막이 80건,망고,자유,빈박스,쿠/오늘의집 액막이/3월,https://drive.google.com/drive/folders/1MYxe5e9TWuLZOfgDv9QBkZCc3mt75Md6,https://drive.google.com/drive/folders/1uOFcWEcp7_w6vNkyulppHbiu5Xfb9OWY,
오리 콘드로이친,만두,,빈박스,콘드로이친 쿠팡빈 리뷰비1천원,https://drive.google.com/drive/folders/1r9-3z1_T2Y_k-S26lTkYGCJSshj2_mda,https://drive.google.com/drive/folders/1zS1hKLbgHv2iT1LhxZKE08ItODICUFKd,
모모밸런스,만두,,믹스,0305 모모밸런스 엠엔엠 네이버빈1천,https://drive.google.com/drive/folders/14DBT9X6OPtb_z4gsB_ab2PZTVPpU2yrk,https://drive.google.com/drive/folders/1aEwZQcO42BRHDP6oKBW4EkHyvKffF-vo,
뉴센트리,만두,,빈박스,0305콘드로이친 쿠팡빈1천,https://drive.google.com/drive/folders/16sLXwMQnoGvCHgVHP0jky4lRc9DVng1r,https://drive.google.com/drive/folders/1pNyxVO3RE2roOuIhL2Ea-yK6yxaM_uNk,
유일기획_2026(로켓),망고,자유,실배송,3.6 쿠팡 쪽집게 실배,https://drive.google.com/drive/folders/1YECQmxCrcrFG5PcqvpFh9qdqWH47vu9r,https://drive.google.com/drive/folders/1veb9chaDqGP8RsWmIJf64f9Yn_EN21sO,
3/6퓨비아리무버_쿠팡20건,만두,자유,실배송,0306퓨비아스팟리무버,https://drive.google.com/drive/folders/1RfXE6FwD6IoKxeEPt6GI3d339k_xQ2lV,https://drive.google.com/drive/folders/1grirzsYdViE85D89ZttedxPjtzbmMTzw,
캐비어글로우_미스트,만두,자유,실배송,0317 쿠팡 수분미스트 현영,https://drive.google.com/drive/folders/1EcAh4zBu0A6zQM04czliH1TCEgu1vowH,https://drive.google.com/drive/folders/1sezeAVyM_AkDca7Nt9AHsJxe03t7ivUd,
캐비어글로우_크림,만두,자유,실배송,0317캐비어글로우_크림실배송2차,https://drive.google.com/drive/folders/1prz6r9vKKSWUMCE1q6-hQGLOja4gu7ET,https://drive.google.com/drive/folders/17NRGDXU78Pndo3fAoDiYTzj5EC0ze24m,
3/9(네이버)아라새우_블랙타이거새우 100건,망고,자유,실배송,3.9네이버 새우/실배현영,https://drive.google.com/drive/folders/1xb0Z8BpCRAmshtUTYz-ReIrba0wkARrz,https://drive.google.com/drive/folders/1VW8FPkIxQ_uHrgqhOfUsf0O3W0A3_YLl,
3/9~11퀵리터닝마스크,망고,자유,실배송,3.9쿠팡마스크팩/13일리뷰마감,https://drive.google.com/drive/folders/1mmn6u2TKbjskkOnuFdMkCw0XgEZoG13v,https://drive.google.com/drive/folders/1bI4IdMrcWBmRo8vEFMDNeppDPWUOf2C4,
3/9_디알크림_네이버/쿠팡 17건씩,망고,자유,실배송,3.6 쿠&네 보습크림 소득실배,https://drive.google.com/drive/folders/1ZzlQV1i0sbQ1ngfJVyjSUkw1oqX2ijWG,https://drive.google.com/drive/folders/19RO4nFs4NGszO1hyQBulcw9MRUZIi5LS,
3/14퀵리터닝마스크_타임세일07~09시,망고,07:00 ~ 09:00,실배송,3.14 쿠팡 마스크팩 타임세일,https://drive.google.com/drive/folders/1ljiUg5aI0tYJ_pi23s8SnsLCAK8rcFRP,https://drive.google.com/drive/folders/1HnjEwUkVh3YS5PoJzCGM4bdNzfGWOdV5,
3/12 티암 쿠팡3종,만두,자유,실배송,3월티암 화장품실배송,https://drive.google.com/drive/folders/1HapO1TccC0C0gb46QJ6XOj7WH9KiDGME,https://drive.google.com/drive/folders/1YQ9EffUU73Dx0nCocwr4yd1YC_wjzVVe,
3/16퓨비아리무버_네이버20건,만두,자유,실배송,3/16퓨비아리무버실배송,https://drive.google.com/drive/folders/1CywHYle3LzpMO-j_vVB7tyLAFWeYA3HU,https://drive.google.com/drive/folders/1M7HxtH5dJ9NJGyEC057ja6S43DW6Pv4t,
3/16퓨비아섬유유연제_쿠팡15건,만두,,실배송,0316퓨비아_섬유유연제실배송+빈,https://drive.google.com/drive/folders/1MD2kLbXvg250cYFaFX4pDu6CIFhblWg6,https://drive.google.com/drive/folders/1L8uUpCe3yF1w2-8y6nDY-ukNPOoWp37J,
26멜라토닌/쿠팡,만두,자유,실배송,0316센티랩_멜라토닌실배송,https://drive.google.com/drive/folders/1_i0z9REp4VNecSNUXlY1kiOP0C8cljoz,https://drive.google.com/drive/folders/14iHOYjmEFK1Zo2xuNFF_V1hTRotYDjF8,
3/16(메이커스)메디슨벨_알약패치 300건,만두,자유,실배송,3/16알약패치_메이커스실배송,https://drive.google.com/drive/folders/1DxfdqjqWA7jSgDI2KOB7pRCdG-YmXC-h,https://drive.google.com/drive/folders/1URswB5xTc4eDuRFkHhJQMmjgj95faPt2,
네이버(26년),,,,제습,https://drive.google.com/drive/folders/1EM3S2xX1wP7HrAtKHaA-NOXcXHiFoRRx,https://drive.google.com/drive/folders/1NbAmlor7-CZBVPGQcbZ6F0kcWP--1Dal,
쿠팡(26년),만두,11:30 ~ 14:30,믹스,빔프로젝터 로켓회수,https://drive.google.com/drive/folders/1xIppMs0Xymh3_WK1H8yizDhm7xK5TpUD,https://drive.google.com/drive/folders/1EEP6vVL_kah8-hD8tifiqd4zEqz_vrcb,
다중옵션작업테스트,,,,실험상품,https://drive.google.com/drive/folders/12r-_jGTAKhSULuyIuHwmMZnbJuUMpmI-,https://drive.google.com/drive/folders/1xQhevDHQPqVm0bDduIy7_cwqBNSo2Xc3,TRUE
3/17(네이버)우레온_스틱밤 100건의 사본,만두,자유,실배송,0317쿠_우레온바디워시실배송,https://drive.google.com/drive/folders/1PccxeQFAHflTM3Ny-VrEe_HZT6jyBEaR,https://drive.google.com/drive/folders/1T4PYregRH491bfc-mlRQjaLZga1ML8so,
3/17(네이버)우레온_스틱밤 100건,만두,자유,실배송,0317네이버_우레온스틱밤실배송,https://drive.google.com/drive/folders/1G36cClVdJ8ZiADM22Aq6rfxEDl0XMoWB,https://drive.google.com/drive/folders/1P5WSkXnjdPpO-klYIWIfZ-RR5BgpV_ks,
3/17(쿠팡)우레온_바디워시 300건,만두,자유,실배송,0317쿠팡우레온바디워시실배송,https://drive.google.com/drive/folders/1GcjPkv6CJrKp2Fd2pDjrAlNwPEpk41Fm,https://drive.google.com/drive/folders/1zCTMLJLasyAr7Fax3SgLayc35Iupgwq7,
3/17(쿠팡)우레온_스틱밤 300건,만두,자유,실배송,0317쿠_바디스틱밤 실배송,https://drive.google.com/drive/folders/1ggGdGj4qKW7tqW58-VjML50MUKx69lQX,https://drive.google.com/drive/folders/1DjZLwnPN7T15lNYc0w-kBr4ThXnkOSMI,
테스트캠페인(26.3.12),,자유,실배송,캠페인 테스트A,https://drive.google.com/drive/folders/11Pse7zsiuTQo318vIqnJxh4bleXxbR-S,https://drive.google.com/drive/folders/1qOwrMgHEtEz5GZz1dHy8jkUK5kgkfZU7,TRUE
테스트캠페인(26.3.12)의 사본,,자유,빈박스,캠페인테스트B,https://drive.google.com/drive/folders/1hGPqn-4ZHcPAXVux5Snugf4u9EfGaIAc,https://drive.google.com/drive/folders/1MrmwsShkWx7pUMVL1t8h0tS-F8MUBGrp,
도그피앙_강아지캔,만두,자유,실배송,0318도그피앙_강아지간실실배송,https://drive.google.com/drive/folders/1uUt-97TT_FL-Uufukv3H6fQRmBgAuUQA,https://drive.google.com/drive/folders/1NvniCHjGYiLEZot4Zy5i3oqO1LbWmHCC,
행복한우리집,만두,자유,실배송,0318만두 실배송,https://drive.google.com/drive/folders/1NRZoEmQui70-KiOT7WDH4Q331yg0wf75,https://drive.google.com/drive/folders/1eI1tmo0H5-ppet36HT0GOx4ASsKkD3hN,
구스페리_노트북파우치,만두,02:00 ~ 06:00,빈박스,0318지그재그 노트북파우치,https://drive.google.com/drive/folders/1ELKtCyMIVgz8eZ1MokOgLj4F0fI4Oouo,https://drive.google.com/drive/folders/1RTzEKVauoCXvve4EFsm9ZeUaWpsLOaMV,
0319)쿠팡_배스티,만두,자유,실배송,0319수야무베스티입욕제실배송,https://drive.google.com/drive/folders/18mbN_wWcuK7TAT1YlqJ5zbjYELWqFIdJ,https://drive.google.com/drive/folders/1msqmcNbMLxvjVklx1TvNFaUp_P71Yigv,
3/22유한건강생활 톡딜유산균110건_2차,,17:00 ~ 18:00,실배송,0322톡딜유산균실배송,https://drive.google.com/drive/folders/1Q8JFRgR19Th5182PUew6njZCCr5310QQ,https://drive.google.com/drive/folders/1Bd4ctzGA3M4Ou2ze0TCMyfPnTE-fNnzA,TRUE
3/19(네이버)비오진_알부민 선크림 20건,만두,자유,실배송,0319비오진_알부민선크림실배송,https://drive.google.com/drive/folders/1ku7v2iF4KVIRQEAtgRlJN03EsEgRafiK,https://drive.google.com/drive/folders/1TxiDWTCrDY8O0fm5nfp5pjf9jKr6NyMD,
3/20(쿠팡)노티드_케이크바 브라우니 30건,만두,자유,실배송,0320노티드케이크바실배송,https://drive.google.com/drive/folders/1DaC9vRXV8KHWMMTzEnmoUNFtVL9z4g_x,https://drive.google.com/drive/folders/1t39YeRGtg3lfGfX9QtVPhcUp8_LfGIpH,
3/23(메이커스)넛세린_히알 앰플 100건,만두,05:00 ~ 23:30,실배송,0323메이커스넛세린히알앰플실배송,https://drive.google.com/drive/folders/1lHuMrZ5lw4FMBDvSwoHVO0tma1CV2S9T,https://drive.google.com/drive/folders/1zaUCjbfoFBw0RlNEmZ9IbeMSpWon9ghf,
3/23더프리젠_30건_2차의 사본,만두,00:00 ~ 13:00,빈박스,더프리젠핸드워시_빈,https://drive.google.com/drive/folders/18BwnCRe7reVI3KizhWw76CBlPlITsv9g,https://drive.google.com/drive/folders/1LfObBc9n1Xphz_RKKN4RtJtotlmDEUYU,
3/24(쿠팡)노티드_케이크바 아몬드 초콜릿 30건,만두,자유,실배송,0324노티드케이크바아몬드,https://drive.google.com/drive/folders/11J0rtI-WGXZbMzo7VdmtlWzbcAfY0U3c,https://drive.google.com/drive/folders/1xCoRxigXS4b5NgUWw1HhPout9PhcbDMe,
테스트탭,만두,10:30~14:00,실배송,,https://drive.google.com/drive/folders/1oaDT-Yhfqwh20dF--HZuu3-lElccf83Q,,
7차(쿠팡)고양이,,,,,,,TRUE
7차(쿠팡)강아지,,,,,,,TRUE
6차(쿠팡),,,,,,,TRUE
5차(강아지),,,,,,,TRUE
5차(고양이),,,,,,,TRUE
4차(강아지),,,,,,,TRUE
4차(고양이),,,,,,,TRUE
3차,,,,,,,TRUE
2차,,,,,,,TRUE
1차,,,,,,,TRUE
8차(쿠팡)강아지,,,,,,,TRUE
3/26_유한생활건강_GS샾_유산균_15건_2차(실배송),만두,자유,실배송,0326오후6시지에스실배송유산균,https://drive.google.com/drive/folders/1XYAHJNypJFlP-jtO6aZe4qkF1YLa70Uu,https://drive.google.com/drive/folders/1pNdMJrm0nl1SalRC3DWayvM4K7zZJavb,TRUE
0325캣캣_썬패치,망고,자유,실배송,0325쿠팡썬패치실배송,https://drive.google.com/drive/folders/1oz21R9Go7hQCl9zOn2X4bwK358lqu_2-,https://drive.google.com/drive/folders/1aCjABbdJb5phNxcx0iZTAM_OAJdm6oS_,
네이버 중복제외필터링(업체요청),,,,,,,TRUE
인스타 체험단,,,,,,,TRUE
핏트,,,,,,https://drive.google.com/drive/folders/1m8GOfG9ye73tIbwjhioww1QrotExwnXh,TRUE
핏트,,,,,,https://drive.google.com/drive/folders/1m8GOfG9ye73tIbwjhioww1QrotExwnXh,TRUE
0212~0215올영_팩투폼마스크,,,,,,https://drive.google.com/drive/folders/1JGGF8pCIrtk5JlG3SE-OOr5DVAkjFd8g,TRUE
네이버(25년),,,,,,,TRUE
2/17쿠팡_리프팅밴드,,,,,,,TRUE
NMN 리뷰 블라인드,,,,,,,TRUE
클라랩_페이리뷰+블로그+인스타_4건,,,,,,,TRUE
10차(쿠팡),,,,,,,TRUE
8차(쿠팡)고양이,,,,,,,TRUE
보톡스스틱_11번가_30건(마감),,,,,,,TRUE
12월_보톡스스틱13건(마감),,,,,,,TRUE
11월_파운데이션5건(마감),,,,,,,TRUE
로얄캣맘_고양이캔,,,,,,,TRUE
10차(네이버),,,,,,,TRUE
리뷰폼:10차0918,,,,,,,TRUE
9차(쿠팡)강아지,,,,,,,TRUE
3/26(쿠팡)밤보늬_크림팩 40건,망고,자유,실배송,0326밤보니크림팩실배,https://drive.google.com/drive/folders/1MeCY-janSUJUQU73KnrsUX3E8Tb_uY3S,https://drive.google.com/drive/folders/1e6KJu5zK2mRTZEvaMnKlxyxFb0uPyf4f,
0326(쿠팡)보타닉 트리트먼트 50건,망고,자유,실배송,0326 트리트먼트실배송,https://drive.google.com/drive/folders/1_sbQr5oA2sXurFyy_QtUibgHy6sCH9ED,https://drive.google.com/drive/folders/1vGrjK30Q_mzjesoqyLyk6YIo4LCYSOCt,
0326(쿠팡)보타닉 샴푸 50건,망고,,실배송,0326샴푸실배송,https://drive.google.com/drive/folders/1l_JKyjQZN0YE1DAU9Vmu1ftt91mmPGJQ,https://drive.google.com/drive/folders/1xNHTUyDaU_dmJHwMo6qICC7217Bg09UZ,
0326)자암_네이버_낮잠이불세트_50건(빈),만두,자유,빈박스,0326자암낮잠이불빈,https://drive.google.com/drive/folders/1DNmxZSso0MHX2hc7V1s_HBnDW7qYcfyO,https://drive.google.com/drive/folders/1mZamMqTN8w6YdICWGpiaVT9fT6K9q95L,
0326지그재그_니삭스(9건),만두,자유,빈박스,0326지그재그_니삭스빈1천,https://drive.google.com/drive/folders/1l9R7gCywIpqdWyyeSmEHcNuPKgwKH61s,https://drive.google.com/drive/folders/1luXkDTlbNShsLeI-Z67GcYEfjW2uw7bN,
0326구스페리_에이블리4종(40건),만두,자유,빈박스,0326에이블리여러가지빈1천,https://drive.google.com/drive/folders/1LPXIiojya1J0f2kXuD6MlJc8jZai5Tqy,https://drive.google.com/drive/folders/1Hu8Oie1t2cIkNbYj5esvm-9UCACiPUc9,
쭈꾸미,만두,자유,빈박스,0326든든푸드쭈꾸미,https://drive.google.com/drive/folders/1y58DBm0uYTjwt_rxtcyqCHB_r1JCfDLe,https://drive.google.com/drive/folders/1wdio7ntbKkp7uBdqecB_cBYbKCqESKc7,
전복죽,망고,자유,빈박스,0326든든푸드전복죽,https://drive.google.com/drive/folders/1-0CRjLsW7mXGCJqeCK0RAhFlmVquZUoF,https://drive.google.com/drive/folders/13n4i86vADjsLE6bO2v5hQJv-l1K4uOBq,
0324미즈스모 체험단 20종,,,,0324미즈스모 스커트방,https://drive.google.com/drive/folders/1nsYqf7Zi72T6u1mMd6r3y4wzEx31ejyx,https://drive.google.com/drive/folders/1ML1-QhlnxTg3xspgIbBzePoZFDeckESI,
닥터스초이스_멜라토닌(쿠팡),망고,02:00 ~,빈박스,0325멜라토닌 닥터초이스,https://drive.google.com/drive/folders/1RHzJytaIh3Tg6C1kH3nj-6oHrqtmvHap,https://drive.google.com/drive/folders/1r6ByEHa7JSLASYhzRd7Avss-jy1hqqFu,
3/30(쿠팡)말따_마스크팩 300건,망고,자유,실배송,3.31 쿠팡 겔마스크팩 실배,https://drive.google.com/drive/folders/1uzeDhzxe6dWCYv-ixUi51p3coIfnh-o4,https://drive.google.com/drive/folders/1uTL3QghIQ2N9aGljdZLxpqqHoNe8m3mV,
3/31(네이버)글랜젠데스_맥주효모샴푸 100건,망고,자유,실배송,3.31 네이버 효모샴푸/실배_현영,https://drive.google.com/drive/folders/1Z_etQ1Qj684lCdn_I5mB_xJJ3LFThmGv,https://drive.google.com/drive/folders/1sa_5xwiqp8YhGYVkzGENcwOQ0xgxqVNn,
4/4(공영쇼핑)글랜젠데스_맥주샴푸 200건,망고,,실배송,4.4오전6시_샴푸_실배,https://drive.google.com/drive/folders/14MT_tkJYcjtJy0xG3vOuxOJ_4WdXeZwz,https://drive.google.com/drive/folders/1QzXZqQtblbdLKdvPMZ6ieRWq5_k1uYjj,
3/31_아라보감_쿠팡_상품6종_150건,만두,자유,실배송,0331로켓프레쉬식품외실배송,https://drive.google.com/drive/folders/10UC_GLb-zkKrjQW5LQoPQmwRzQpf56ie,https://drive.google.com/drive/folders/1FRljxfUmyoyXSTqM7b2Ln58W7moFr9ri,
아로하가든 마누카꿀리뷰체험단 3차,만두,자유,빈박스,0401마누카꿀빈,https://drive.google.com/drive/folders/1fGv7ViusQk54eyAE9V5hC0rO-dyHI6hR,https://drive.google.com/drive/folders/1VRFHlXUcBVqvy6Whi5mzXr4bRTb1jrrJ,
블로그 체험단 3차,만두,자유,실배송,4/1아로하가든 블로그체험단,https://drive.google.com/drive/folders/1DHH2edHYNBKhzCEeAF0c5akuW3i6REhl,https://drive.google.com/drive/folders/1Z67_Wyg3ZTXlFbWpWVEuY9rB64VFaeMp,
4/3(쿠팡)메디슨벨_마시는샐러드 골드박스 200건,만두,자유,실배송,4/3메디슨벨마시는샐러드실배송,https://drive.google.com/drive/folders/1CvI_PCc5vRIJas5iS4xFv5Pgals8yyys,https://drive.google.com/drive/folders/1HCvnhjIt0P6Xp1Vj_jrAR1ersorXkEYH,
4/3_네이버_명태액막이 42건,망고,자유,빈박스,4.3 네이버 액막이/빈,https://drive.google.com/drive/folders/1m2AkbrbVzwcewT-4ph24it9wLAZw_023,https://drive.google.com/drive/folders/1i-bXMgBLjcxgWeC1iIuyYVEoMQ7P59iX,
4/3_쿠팡_명태액막이 18건,망고,자유,빈박스,4.3 쿠팡 액막이/빈,https://drive.google.com/drive/folders/1fVcvPONCwppdWItvB8rcGqyPGWERR5BT,https://drive.google.com/drive/folders/1RjQwubRe2Slp5Xlm0KhYopLclGQeybnc,
4/3(메이커스)오클리앙_밸런스크림 100건,만두,자유,실배송,4/3(메이커스)오클리앙_밸런스크림,https://drive.google.com/drive/folders/17Oa_5bzoxc386oMGOgkO0Y204bDKjxZg,https://drive.google.com/drive/folders/1-F97W1gq-gyFospwzn13pSxoq3z0XIMq,
닥터뮤지엄_멜라토닌(네이버),망고,02:00 ~,빈박스,0325네빈멜라토닌_뮤지ㅇ,https://drive.google.com/drive/folders/1voJ2b8zacS9tHSNqWZvA3XDY8fiAqnTc,https://drive.google.com/drive/folders/1-SZMfib7wMloxdJr2JAFLKtUgNfMSd9x,
닥터스초이스_멜라토닌(네이버),망고,02:00 ~,빈박스,0325 네&쿠/빈멜라토닌ㄷㅌㅅㅊㅇㅅ,,https://drive.google.com/drive/folders/1ajq8EkIiScTp4aLHUz8onQ_xj7Tp5XQf,
4/6(메이커스)오클리앙_선크림 100건,만두,,,4/6오클리앙선크림실배송,,,
4/8(메이커스)엘라비에_마스크팩 100건,망고,05:00 ~,실배송,4.8메이커스 마스크팩 오후5시,https://drive.google.com/drive/folders/1G_Fd5rlyUB5Mm6Pnz-mGMwuChsGNpLae,https://drive.google.com/drive/folders/1c1-YTfvNjqbBuoWdEi59QXPQOuCR8hI2,
쿠팡(로켓회수),,,,,,,TRUE
(완)2/20_플래너리랩_쿠팡_멜라토닌_130건,,,,,,,TRUE
2/5 (쿠팡)메디슨벨_리뉴브 더마셀 30건,,,,,,,TRUE
리뷰폼:우레온바디로션,,,,,,,TRUE
리뷰폼:바디미스트,,,,,,,TRUE
리뷰폼:1028약콩콩물,,,,,,,TRUE
리뷰폼:젤리미스트,,,,,,,TRUE
9/23(네이버)아라새우_흰다리새우 50건,,,,,,,TRUE
9/23(쿠팡)아라새우_흰다리새우 50건,,,,,,,TRUE
9/17(쿠팡)넛세린_무향 바디로션 100건,,,,,,,TRUE
9/11(쿠팡)제스메이즈_프로테인에센스 100건,,,,,,,TRUE
9/8시크릿에이지_앰플 블로그 체험단,,,,,,,TRUE
9/1바디미스트,,,,,,,TRUE
8/7(쿠팡)넛세린_카밍패드 100건,,,,,,,TRUE
8/7(쿠팡)넛세린_선세럼 100건,,,,,,,TRUE
리뷰폼:0807선세럼,,,,,,,TRUE
8/7(쿠팡)넛세린_앰플 100건,,,,,,,TRUE
0805공영쇼핑_맥주샴푸300,,,,,,,TRUE
7/30(지그재그)블랑루스_클렌징밤36건,,,,,,,TRUE
7/18젤리클렌저_70건,,,,,,,TRUE
7/18 모공토너_30건,,,,,,,TRUE
7/18(쿠팡)르퀼라야_포레스트샴푸50건,,,,,,,TRUE
7/18(쿠팡)르퀼라야_가드니아샴푸50건,,,,,,,TRUE
7/18(쿠팡)르퀼라야_바디클렌저50건,,,,,,,TRUE
7/20오브맘골드박스,,,,,,,TRUE
리뷰폼:오브맘골드박스,,,,,,,TRUE
리뷰폼:넛세린선세럼,,,,,,,TRUE
7/9(쿠팡)페이스타올50건,,,,,,,TRUE
7/7밤보늬모공코팩키트100,,,,,,,TRUE
7/7넛세린주스앰플100,,,,,,,TRUE
7/1넛세린_선스틱 블로그,,,,,,,TRUE
6/28넛세린_선스틱구매양식,,,,,,,TRUE
6/27(쿠팡)굿데이허니프로폴리스_스프레이99건,,,,,,,TRUE
6/27(쿠팡)밤보늬_포어2종,,,,,,,TRUE
6/24(쿠팡)더블유랩_클렌징비누2종,,,,,,,TRUE
센티랩2022~2025,,,,,,,TRUE
1215)압타민c_블로그,,,,,,,TRUE
4/8메이커스_필링젤,망고,05:00 ~,실배송,4.8 메이커스 필링젤 소득건,https://drive.google.com/drive/folders/1gbemJTdMZE1I6iKUehwJEsh8ee3f8k07,https://drive.google.com/drive/folders/1H3txbhIm_p-JkL7fGg46QBazt0fsJl8m,
"0408)비타민,샴푸_블로그",망고,자유,실배송,0408블로그비타민샴푸,https://drive.google.com/drive/folders/1BQxvbr8RkZFgysIHKpyAyXyt-E-f8fW1,https://drive.google.com/drive/folders/111aiuUvAiQ8lLrKaxqJpxG9JyNaxG4Vo,
블로그)인애드취합용,,자유,실배송,4/9네이버_블로그하절기체험단실배송,https://drive.google.com/drive/folders/1wjcE8rmFmHQItPqysA666bgqXLM77Drd,https://drive.google.com/drive/folders/1jDwUdKVGcmKO8Y_r3bp6-iojzoXDnepf,
4/6(메이커스)오클리앙_선크림 200건,,,,4/6(메이커스)오클리앙_선크림,,https://drive.google.com/drive/folders/1OfNqknGrnKttzPawztfUSN_gnzxZ9MXo,
4/10_올거치_네이버_맥세이프거치대_30건,,자유,,4/10올거치맥세이프,https://drive.google.com/drive/folders/1WF36RNJIP8zZuaSZZ5buaYN5tpM1xkHj,https://drive.google.com/drive/folders/1i57amtaWvRwiagvL_usiXHP8k9M9HJwR,
0413)네이버_멀티비타민_100건,만두,,,0414네이버멀티비타민,https://drive.google.com/drive/folders/1Q0zBXY7jMWRC51DX-7CzOBFfluDnAmz4,https://drive.google.com/drive/folders/1AOIcwVH-w4i1JmeMuaczWrs7Ame7RF0i,
블로그 체험단 3차,만두,자유,실배송,4/1아로하가든 블로그체험단,,,
아로하가든 마누카꿀리뷰체험단 3차,만두,자유,빈박스,0401마누카꿀빈,,,
4/15(쿠팡)비오진_알부민크림 500건,,,,0415쿠비오진알부민크림실배송,https://drive.google.com/drive/folders/17qJOJ1peN_W5xHqglaWBenYYZERyJjXQ,https://drive.google.com/drive/folders/1F67Qqdhjym6dF22gziYcuNto0rWBm0g9,
4/15(쿠팡)비오진_알부민크림 500건,,,,0415쿠비오진알부민크림실배송,,,
4/15(쿠팡)비오진_알부민크림 500건,,자유,,0415쿠비오진알부민크림실배송,,,
4/15(쿠팡)비오진_알부민크림 500건,,,실배송,0415쿠비오진알부민크림실배송,,,
4/15(쿠팡)비오진_알부민크림 500건,망고,,,0415쿠비오진알부민크림실배송,,,
4/15메이커스_선크림,,,,0415메이커스래빗스킨선크림실,https://drive.google.com/drive/folders/1Bt-bP6IjD2SRC15Z3KLYFHN3v9B3Vh9Y,https://drive.google.com/drive/folders/1TM60IC5Xtt-jXOuA-IBueZia19T6X7py,
4/15메이커스_선크림,,,,0415메이커스래빗스킨선크림실,,,
4/15메이커스_선크림,,,실배송,0415메이커스래빗스킨선크림실,,,
4/15메이커스_선크림,,자유,,0415메이커스래빗스킨선크림실,,,
4/15메이커스_선크림,만두,,,0415메이커스래빗스킨선크림실,,,
4/4(공영쇼핑)글랜젠데스_맥주샴푸 200건,망고,,실배송,4.4오전6시_샴푸_실배,,,
0416미즈스모 체험단 15종,,,,0416미즈스모리뷰,https://drive.google.com/drive/folders/1SQP2LW5LbXUpEooqk_nlmkpZ3mOHRwt1,,
0416미즈스모 체험단 15종,,자유,,0416미즈스모리뷰,,,
0416미즈스모 체험단 15종,,,빈박스,0416미즈스모리뷰,,,
0416미즈스모 체험단 15종,만두,,,0416미즈스모리뷰,,,
0416미즈스모 체험단 15종,,,빈박스,0416미즈스모리뷰,,,
4/11좋은상황_상황버섯진액 카페/블로그 바이럴,,,,,,,
0416미즈스모 체험단 15종,,,빈박스,0416미즈스모리뷰,,,
0416미즈스모 체험단 15종,만두,,빈박스,0416미즈스모리뷰,,,
4/16_쟈니베어_쿠팡_온열안대_100건(실배송),,,,0416쟈니베어온열안대실배,https://drive.google.com/drive/folders/1he4YzgemyP-m7pR9rslWSzSjF5FQmU37,https://drive.google.com/drive/folders/1j4BN0pPQqS9f_ShJNjgCgxi8__pHkx7P,
4/16_쟈니베어_쿠팡_온열안대_100건(실배송),,,실배송,0416쟈니베어온열안대실배,,,
0401아로하가든 마누카꿀리뷰체험단 3차,,,,0401아로하가든 마누카꿀리뷰체험단 3차,https://drive.google.com/drive/folders/1HvtOHf6NgNPSUWVKY58DdRcTs3cEV5sm,https://drive.google.com/drive/folders/1hhKo9mSN-ivifByYj39Y17LR8n-CuR9S,
0401아로하가든 마누카꿀리뷰체험단 3차,,자유,,,,,
0401아로하가든 마누카꿀리뷰체험단 3차,,,빈박스,,,,
0401아로하가든 마누카꿀리뷰체험단 3차,만두,,,,,,
0401아로하가든 마누카꿀리뷰체험단 3차,만두,,,0401아로하가든 마누카꿀리뷰체험단 3차,,,
0401아로하가든 마누카꿀리뷰체험단 3차,만두,,빈박스,0401아로하가든 마누카꿀리뷰체험단 3차,,,
0401아로하가든 마누카꿀리뷰체험단 3차,만두,,,0401아로하가든 마누카꿀리뷰체험단 3차,,,
0401아로하가든 마누카꿀리뷰체험단 3차,만두,,,0401아로하가든 마누카꿀리뷰체험단 3차,,,
0401아로하가든 마누카꿀리뷰체험단 3차,만두,,,0401아로하가든 마누카꿀리뷰체험단 3차,,,
0401아로하가든 마누카꿀리뷰체험단 3차,만두,,,0401아로하가든 마누카꿀리뷰체험단 3차,,,
0401아로하가든 마누카꿀리뷰체험단 3차,만두,,,0401아로하가든 마누카꿀리뷰체험단 3차,,,
0401아로하가든 마누카꿀리뷰체험단 3차,만두,,빈박스,0401아로하가든 마누카꿀리뷰체험단 3차,,,
0401아로하가든 마누카꿀리뷰체험단 3차,만두,자유,,0401아로하가든 마누카꿀리뷰체험단 3차,,,
0416미즈스모 체험단 16종,,,,0416미즈스모리뷰,https://drive.google.com/drive/folders/1sNTflC_I1U6hiQU-j7ooL_ZkexYeTE5t,https://drive.google.com/drive/folders/1NDcEXMg50TjWy_uMffp95i1VDO2FtKo1,
0416미즈스모 체험단 16종,,,,0416미즈스모리뷰,,,
인애드명단,,,,,,,TRUE
리뷰어명단,,,,,,,TRUE
4/21_고네오전기온라인_네이버_스위치커버1_20건,망고,,빈박스,4.21 네이버 전등스위치1번방 빈,https://drive.google.com/drive/folders/1GnulSNmdFxeRrKP9nAcG9EWjp3tCNN4I,https://drive.google.com/drive/folders/15LPhnDRlu2gExdZnk-cYXjcl5IdQ1t9K,
4/21_고네오전기온라인_네이버_스위치커버2_20건,망고,,빈박스,4.21 전등스위치2번방 네이버 빈,https://drive.google.com/drive/folders/1wQBPNZ2eXbPYbWsu_B_ox1Vf3VssrHck,https://drive.google.com/drive/folders/1-T91XA7DvMxnk62-c50z8Rk2p8_v7HR6,
"4/21(쿠팡)엘라비에_선크림,선스틱 총 200건",망고,,실배송,4.21 쿠팡 선세럼 선스틱 실/현영,https://drive.google.com/drive/folders/1vpw9RfPmHMTHeRfk1HXe8_WTXyJd5NPF,https://drive.google.com/drive/folders/1fGvs1Ojn9Ck-aa_JSJIUgHHtNZU0dKoo,
0421(쿠팡)보타닉 샴푸 50건,,,,0421(쿠팡)보타닉 샴푸,https://drive.google.com/drive/folders/1p0KN0oNtV_lY5DpA9S0Pi-gevvvqRqIM,https://drive.google.com/drive/folders/1Q1eum0RqqQF-SXrvgHPSQR2jSPBhaWOn,
0421(쿠팡)보타닉 트리트먼트 50건,,,,0421(쿠팡)보타닉 트트,https://drive.google.com/drive/folders/1Iue9SxCskJsJ8gzz1lzGdRNrYdfsFxSJ,https://drive.google.com/drive/folders/1kRO64KEH83dlC4CVoZfzqauupNrCwh26,
4/22(네이버)하루픽스_오메가369 10건,,,,,https://drive.google.com/drive/folders/1RaVFoNmPWiYE8nUnYAWK68X83V3piEIL,https://drive.google.com/drive/folders/1P-CYIxH4Q4aCOzSp1yarYjdq6k63Best,
큐델라프,,,,,,,
리뷰폼:1208재생크림,,,,,,,
4/22(네이버)하루픽스_오메가369 10건,,,,0422하루픽스오메가실배송,,,
260423)에셀_피부3종_30건,,,,,https://drive.google.com/drive/folders/1MtDaeWegg4ongEM0b1LUAMbWdHJazwVi,https://drive.google.com/drive/folders/1Ii0BZh3hb2m9puhZUR6tc_F16bRHS9di,
26/01/14)알비타치온_네이버 100건,,,,,,,
123123,,,,,,,
12/9)스킨플랫패치_쿠팡&네이버 60건,,,,,,,
10/17)어성초필링젤_쿠팡&네이버 60건,,,,,,,
9/24)알비타치온_쿠팡&네이버 80건,,,,,,,
9. 풋패치/센텔라패치의,,,,,,,TRUE
2.멀티패치(쿠)마감,,,,,,,
8/26_4. 승모패치,,,,,,,TRUE
(완)5.벨리패치(네이버),,,,,,,
9. 풋패치/센텔라패치,,,,,,,TRUE
1/19_쿠팡_풋패치_실배송_100건,,,,,,,TRUE
4/7_네이버_10건,,,,,,,TRUE
4/15_쿠팡_10건,,,,,,,TRUE
설문지 응답 시트1의 사본,,,,,,,
0423)친구사이_하절기 2차,,,,0423)친구사이_하절기 2차,https://drive.google.com/drive/folders/1z6YgdEsHNpQ9dfLaow9_8kHCLm0Eahcc,https://drive.google.com/drive/folders/1KVkmHPS4pd_wki2t6I85HctkEMy4jIX8,
260423)에셀_피부3종_30건,,,,260423)에셀_피부3종,,,
리뷰체험단 양식,,,,,https://drive.google.com/drive/folders/1ZTHl0dQRKk8LNbPEiPrUYrbJTawXu5LT,https://drive.google.com/drive/folders/1fOfjLGT6ad43n7Jcn76uPb7KqWw9V9Ru,
리뷰체험단 양식,망고,자유,실배송,4.22 고양이사료 실배-헌영/네쿠,,,
바이럴 보고 시트,,,,,,,
가이드라인,,,,,,,
인애드 카페리스트,,,,,,,
인애드 핫딜리스트,,,,,,,
블로그 포스팅,,,,,,,
내돈내산 블로그 체험단,,,,,,,
알프랩 리뷰체험단,,,,,https://drive.google.com/drive/folders/1ScDnsDM9ghTgKWcaEhD65TA3BVauvFAo,,
알파바디 리뷰체험단,,,,,https://drive.google.com/drive/folders/1iKLJ5_6mP065ZFdZucm1_qq1gqA1JZ_C,,
4/21(쿠팡)엘라비에_선크림 750건,망고,,실배송,4.24 쿠팡 선크림 실/현영,https://drive.google.com/drive/folders/1KqRe-TZg-FSpshTK2AEX9IM0D_sNj-G7,https://drive.google.com/drive/folders/18u4FqtnIwcRUuZ623ffQE-IpEAC9RGDi,
알프랩 리뷰체험단,,,,4.22 리프팅앰플 네이버&쿠팡,,,
알프랩 리뷰체험단,망고,,믹스,4.22 리프팅앰플 네이버&쿠팡,,,
4/24(네이버)솔라르프리_클라우디 수세미 10건,망고,자유,실배송,4.24 네이버 수세미 실/현영,https://drive.google.com/drive/folders/1wwOrK5E4sJPWuOGdM5acm7gWi4T_BCKB,,
4/24(네이버)솔라르프리_블룸 수세미 10건,망고,자유,실배송,4.24 네이버 수세미 실/현영,https://drive.google.com/drive/folders/1tMhs09YhZRfvk6_VazwDA8ikxBkuRF6-,,
0424(공영쇼핑)키오스킨 선크림 30건,,,,0424공영선크림실배,https://drive.google.com/drive/folders/1Bxg-Z9641qZlvF2qxTwEU6J0s_u871ff,,
알파바디 리뷰체험단,,,,0424알파바디이너웨어,,,
4/24(쿠팡)좋은상황_상황버섯진액 100건,,,,0424좋은상황버섯진액실배,https://drive.google.com/drive/folders/1rHzrdEz8nX60iYTxTwDBsC-lz7It2CFN,https://drive.google.com/drive/folders/1QLZhtBT_aA2C2TZy2Dgw4o1a4gY9Bj6n,
4/24(쿠팡)솔라르프리_블룸 수세미 10건,,,,4/24(쿠팡)솔라르프리_블룸 수세미,https://drive.google.com/drive/folders/1NUn1NmnUSD8o3WDetwn0dT6a8X9G-Tnw,https://drive.google.com/drive/folders/1h09F4H-OBbdzoKonfEX3X7nItu4IRc98,
4/27(메이커스)좋은상황_상황버섯진액 100건,,,,4/24(쿠팡)솔라르프리_클라우디 수세미,https://drive.google.com/drive/folders/1v15WGuIwaQcQVzreOHM_c5K4bbkxqgBf,,
4/21_유한건강생활_네이버_혈당유산균_20건,,,,0426혈당유산균네이버,https://drive.google.com/drive/folders/1gkf5Ls8LmsUyZPf3hJIwMqKMgqC31hlD,,
4/24(쿠팡)솔라르프리_클라우디 수세미 10건,,,,4/24(쿠팡)솔라르프리_클라우디 수세미,,https://drive.google.com/drive/folders/1BEHdJGKYgKR7tbcrk69_-0eWpOcf5Pjd,
4/27(메이커스)좋은상황_상황버섯진액 100건,,,,4/27(메이커스)좋은상황_상황버섯진,,,
4/27(쿠팡)솔라르프리_블룸+클라우디 세트 100건,,,,4/27(쿠팡)솔라르프리_블룸+클라우디 세트,https://drive.google.com/drive/folders/1Dqj3k5W7dgijYrcBnVVpZ6nGRDI-SmVm,,
4/27(네이버)솔라르프리_블룸+클라우디 세트 100건,,,,4/27(네이버)솔라르프리_블룸+클라우디 세트,,,
4/27(쿠팡)솔라르프리_블룸+클라우디 세트 100건,,자유,,4/27(쿠팡)솔라르프리_블룸+클라우디 세트,,,
4/27(쿠팡)솔라르프리_블룸+클라우디 세트 100건,,,실배송,4/27(쿠팡)솔라르프리_블룸+클라우디 세트,,,
4/27(쿠팡)솔라르프리_블룸+클라우디 세트 100건,망고,,,4/27(쿠팡)솔라르프리_블룸+클라우디 세트,,,